<?xml version="1.0" encoding="utf-8"?>
<openerp>
    <data>
        <!-- because we want this module to be re initeable, we dont upload with company, we  -->
        <record id="base.user_root" model="res.users">
            <field name="company_id" ref="company_mono"/>
        </record>

    <!-- RI -->
        <!--
        Fiscal year
        -->    
        
        <record id="data_fiscalyear_mono" model="account.fiscalyear">
            <field eval="'Fiscal Year X '+time.strftime('%Y')" name="name"/>
            <field eval="'FY'+time.strftime('%Y')" name="code"/>
            <field eval="time.strftime('%Y')+'-01-01'" name="date_start"/>
            <field eval="time.strftime('%Y')+'-12-31'" name="date_stop"/>
            <!-- <field name="company_id" ref="company_mono"/> -->
        </record>
        
        <!--
        Fiscal Periods
        -->    
        
        <record id="period_mono_0" model="account.period">
            <field eval="'00/'+time.strftime('%Y')" name="code"/>
            <field eval="'X Opening Period '+time.strftime('%Y')" name="name"/>
            <field eval="True" name="special"/>
            <field name="fiscalyear_id" ref="data_fiscalyear_mono"/>
            <field eval="time.strftime('%Y')+'-01-01'" name="date_start"/>
            <field eval="time.strftime('%Y')+'-01-01'" name="date_stop"/>
            <!-- <field name="company_id" ref="company_mono"/> -->
        </record>
        <record id="period_mono_1" model="account.period">
            <field eval="'01/'+time.strftime('%Y')" name="code"/>
            <field eval="'X 01/'+time.strftime('%Y')" name="name"/>
            <field name="fiscalyear_id" ref="data_fiscalyear_mono"/>
            <field eval="time.strftime('%Y')+'-01-01'" name="date_start"/>
            <field eval="time.strftime('%Y')+'-01-31'" name="date_stop"/>
            <!-- <field name="company_id" ref="company_mono"/> -->
        </record>
        <record id="period_mono_2" model="account.period">
            <field eval="'02/'+time.strftime('%Y')" name="code"/>
            <field eval="'X 02/'+time.strftime('%Y')" name="name"/>
            <field name="fiscalyear_id" ref="data_fiscalyear_mono"/>
            <field eval="time.strftime('%Y')+'-02-01'" name="date_start"/>
            <!-- for the last day of February, we have to compute the day before March 1st -->
            <field eval="(DateTime.today().replace(month=3, day=1) - timedelta(days=1)).strftime('%Y-%m-%d')" name="date_stop"/>
            <!-- <field name="company_id" ref="company_mono"/> -->
        </record>
        <record id="period_mono_3" model="account.period">
            <field eval="'03/'+time.strftime('%Y')" name="code"/>
            <field eval="'X 03/'+time.strftime('%Y')" name="name"/>
            <field name="fiscalyear_id" ref="data_fiscalyear_mono"/>
            <field eval="time.strftime('%Y')+'-03-01'" name="date_start"/>
            <field eval="time.strftime('%Y')+'-03-31'" name="date_stop"/>
            <!-- <field name="company_id" ref="company_mono"/> -->
        </record>
        <record id="period_mono_4" model="account.period">
            <field eval="'04/'+time.strftime('%Y')" name="code"/>
            <field eval="'X 04/'+time.strftime('%Y')" name="name"/>
            <field name="fiscalyear_id" ref="data_fiscalyear_mono"/>
            <field eval="time.strftime('%Y')+'-04-01'" name="date_start"/>
            <field eval="time.strftime('%Y')+'-04-30'" name="date_stop"/>
            <!-- <field name="company_id" ref="company_mono"/> -->
        </record>
        <record id="period_mono_5" model="account.period">
            <field eval="'05/'+time.strftime('%Y')" name="code"/>
            <field eval="'X 05/'+time.strftime('%Y')" name="name"/>
            <field name="fiscalyear_id" ref="data_fiscalyear_mono"/>
            <field eval="time.strftime('%Y')+'-05-01'" name="date_start"/>
            <field eval="time.strftime('%Y')+'-05-31'" name="date_stop"/>
            <!-- <field name="company_id" ref="company_mono"/> -->
        </record>
        <record id="period_mono_6" model="account.period">
            <field eval="'06/'+time.strftime('%Y')" name="code"/>
            <field eval="'X 06/'+time.strftime('%Y')" name="name"/>
            <field name="fiscalyear_id" ref="data_fiscalyear_mono"/>
            <field eval="time.strftime('%Y')+'-06-01'" name="date_start"/>
            <field eval="time.strftime('%Y')+'-06-30'" name="date_stop"/>
            <!-- <field name="company_id" ref="company_mono"/> -->
        </record>
        <record id="period_mono_7" model="account.period">
            <field eval="'07/'+time.strftime('%Y')" name="code"/>
            <field eval="'X 07/'+time.strftime('%Y')" name="name"/>
            <field name="fiscalyear_id" ref="data_fiscalyear_mono"/>
            <field eval="time.strftime('%Y')+'-07-01'" name="date_start"/>
            <field eval="time.strftime('%Y')+'-07-31'" name="date_stop"/>
            <!-- <field name="company_id" ref="company_mono"/> -->
        </record>
        <record id="period_mono_8" model="account.period">
            <field eval="'08/'+time.strftime('%Y')" name="code"/>
            <field eval="'X 08/'+time.strftime('%Y')" name="name"/>
            <field name="fiscalyear_id" ref="data_fiscalyear_mono"/>
            <field eval="time.strftime('%Y')+'-08-01'" name="date_start"/>
            <field eval="time.strftime('%Y')+'-08-31'" name="date_stop"/>
            <!-- <field name="company_id" ref="company_mono"/> -->
        </record>
        <record id="period_mono_9" model="account.period">
            <field eval="'09/'+time.strftime('%Y')" name="code"/>
            <field eval="'X 09/'+time.strftime('%Y')" name="name"/>
            <field name="fiscalyear_id" ref="data_fiscalyear_mono"/>
            <field eval="time.strftime('%Y')+'-09-01'" name="date_start"/>
            <field eval="time.strftime('%Y')+'-09-30'" name="date_stop"/>
            <!-- <field name="company_id" ref="company_mono"/> -->
        </record>
        <record id="period_mono_10" model="account.period">
            <field eval="'10/'+time.strftime('%Y')" name="code"/>
            <field eval="'X 10/'+time.strftime('%Y')" name="name"/>
            <field name="fiscalyear_id" ref="data_fiscalyear_mono"/>
            <field eval="time.strftime('%Y')+'-10-01'" name="date_start"/>
            <field eval="time.strftime('%Y')+'-10-31'" name="date_stop"/>
            <!-- <field name="company_id" ref="company_mono"/> -->
        </record>
        <record id="period_mono_11" model="account.period">
            <field eval="'11/'+time.strftime('%Y')" name="code"/>
            <field eval="'X 11/'+time.strftime('%Y')" name="name"/>
            <field name="fiscalyear_id" ref="data_fiscalyear_mono"/>
            <field eval="time.strftime('%Y')+'-11-01'" name="date_start"/>
            <field eval="time.strftime('%Y')+'-11-30'" name="date_stop"/>
            <!-- <field name="company_id" ref="company_mono"/> -->
        </record>
        <record id="period_mono_12" model="account.period">
            <field eval="'12/'+time.strftime('%Y')" name="code"/>
            <field eval="'X 12/'+time.strftime('%Y')" name="name"/>
            <field name="fiscalyear_id" ref="data_fiscalyear_mono"/>
            <field eval="time.strftime('%Y')+'-12-01'" name="date_start"/>
            <field eval="time.strftime('%Y')+'-12-31'" name="date_stop"/>
            <!-- <field name="company_id" ref="company_mono"/> -->
        </record>

        <!-- take back user to main company  -->
        <record id="base.user_root" model="res.users">
            <field name="company_id" ref="base.main_company"/>
        </record>
    </data>
</openerp>
