<?xml version="1.0" encoding="utf-8"?>
<openerp>
    <data>
    <!-- Partners -->
        <!-- ASUSTeK - Supplier -->
        <record id="base.res_partner_1" model="res.partner">
            <field name='responsability_id' ref='res_IVARI'/>
            <field name='vat'>AR30222222229</field>
            <field name='document_type_id' ref="dt_CUIT"/>
            <field name='document_number'>30222222229</field>
        </record>
        <!-- Axelor - Supplier/Customer -->
        <record id="base.res_partner_13" model="res.partner">
            <field name='responsability_id' ref='res_IVARI'/>
            <field name='vat'>AR30999999995</field>
            <field name='document_type_id' ref="dt_CUIT"/>
            <field name='document_number'>30999999995</field>
        </record>
        <!-- Agrolait - Customer -->
        <record id="base.res_partner_2" model="res.partner">
            <field name='responsability_id' ref='res_IVARI'/>
            <field name='vat'>AR30777777773</field>
            <field name='document_type_id' ref="dt_CUIT"/>
            <field name='document_number'>30111111118</field>
        </record>
        <!-- Camptocamp - Supplier/Customer -->
        <record id="base.res_partner_12" model="res.partner">
            <field name='responsability_id' ref='res_IVARI'/>
            <field name='vat'>AR30888888884</field>
            <field name='document_type_id' ref="dt_CUIT"/>
            <field name='document_number'>30888888884</field>
        </record>
        <!-- Global Solutions  - cliente exterior -->
        <record id="base.res_partner_21" model="res.partner">
            <field name='responsability_id' ref='res_CLI_EXT'/>
            <!-- <field name='vat'>AR30888888884</field> -->
            <field name='document_type_id' ref="dt_CIe"/>
            <field name='document_number'>12345678</field>
        </record>
        <!--   - cliente exterior -->
        <record id="base.res_partner_15" model="res.partner">
            <field name='responsability_id' ref='res_IVARI'/>
            <field name='vat'>AR27333333339</field>
            <field name='document_type_id' ref="dt_CUIT"/>
            <field name='document_number'>27333333339</field>
        </record>
    </data>
</openerp>
