<?xml version="1.0" encoding="UTF-8"?>
<openerp>
    <data noupdate="True">
        <record model='afip.incoterm' forcecreate="0" id='incoterm_exw'>
            <field name='afip_code'>EXW</field>
            <field name='name'>Ex Works</field>
        </record>
        <record model='afip.incoterm' forcecreate="0" id='incoterm_fca'>
            <field name='afip_code'>FCA</field>
            <field name='name'>Free Carrier</field>
        </record>
        <record model='afip.incoterm' forcecreate="0" id='incoterm_fas'>
            <field name='afip_code'>FAS</field>
            <field name='name'>Free Alongside Ship</field>
        </record>
        <record model='afip.incoterm' forcecreate="0" id='incoterm_fob'>
            <field name='afip_code'>FOB</field>
            <field name='name'>Free On Board</field>
        </record>
        <record model='afip.incoterm' forcecreate="0" id='incoterm_cfr'>
            <field name='afip_code'>CFR</field>
            <field name='name'>Cost and Freight</field>
        </record>
        <record model='afip.incoterm' forcecreate="0" id='incoterm_cif'>
            <field name='afip_code'>CIF</field>
            <field name='name'>Cost, Insurance and Freight</field>
        </record>
        <record model='afip.incoterm' forcecreate="0" id='incoterm_cpt'>
            <field name='afip_code'>CPT</field>
            <field name='name'>Carriage Paid To</field>
        </record>
        <record model='afip.incoterm' forcecreate="0" id='incoterm_cip'>
            <field name='afip_code'>CIP</field>
            <field name='name'>Carriage and Insurance Paid To</field>
        </record>
        <record model='afip.incoterm' forcecreate="0" id='incoterm_daf'>
            <field name='afip_code'>DAF</field>
            <field name='name'>Delivered At Frontier</field>
        </record>
        <record model='afip.incoterm' forcecreate="0" id='incoterm_des'>
            <field name='afip_code'>DES</field>
            <field name='name'>Delivered Ex Ship</field>
        </record>
        <record model='afip.incoterm' forcecreate="0" id='incoterm_deq'>
            <field name='afip_code'>DEQ</field>
            <field name='name'>Delivered Ex Quay</field>
        </record>
        <record model='afip.incoterm' forcecreate="0" id='incoterm_ddu'>
            <field name='afip_code'>DDU</field>
            <field name='name'>Delivered Duty Unpaid</field>
        </record>
        <record model='afip.incoterm' forcecreate="0" id='incoterm_ddp'>
            <field name='afip_code'>DDP</field>
            <field name='name'>Delivered Duty Paid</field>
        </record>
        <record model='afip.incoterm' forcecreate="0" id='incoterm_dap'>
            <field name='afip_code'>DAP</field>
            <field name='name'>Delivered At Port</field>
        </record>
    </data>
</openerp>