<?xml version="1.0" encoding="UTF-8"?>
<openerp>
    <data noupdate="True">
        <record model='afip.document_letter' id='dl_a'>
            <field name='name'>A</field>
            <field name='issuer_ids' eval="[(6, 0, [ref('res_IVARI')])]"/>
            <field name='receptor_ids' eval="[(6, 0, [ref('res_IVARNI'), ref('res_IVARI'), ref('res_IVARIFM')])]"/>
            <field name='vat_discriminated' eval="True"/>
        </record>
        <record model='afip.document_letter' id='dl_b'>
            <field name='name'>B</field>
            <field name='issuer_ids' eval="[(6, 0, [ref('res_IVARI'), ref('res_IVARIFM')])]"/>
            <field name='receptor_ids' eval="[(6, 0, [ref('res_CF'), ref('res_RM'), ref('res_IVANR'), ref('res_IVAE')])]"/>
            <field name='vat_discriminated' eval="False"/>
        </record>
        <record model='afip.document_letter' id='dl_c'>
            <field name='name'>C</field>
            <field name='issuer_ids' eval="[(6, 0, [ref('res_IVANR'), ref('res_RM'), ref('res_IVARNI'), ref('res_IVAE')])]"/>
            <field name='receptor_ids' eval="[(6, 0, [ref('res_RM'), ref('res_IVARI'), ref('res_IVARNI'), ref('res_IVANR'), ref('res_CF'), ref('res_IVAE')])]"/>
            <field name='vat_discriminated' eval="False"/>
        </record>
        <record model='afip.document_letter' id='dl_m'>
            <field name='name'>M</field>
            <field name='issuer_ids' eval="[(6, 0, [ref('res_IVARIFM')])]"/>
            <field name='receptor_ids' eval="[(6, 0, [ref('res_IVARNI'), ref('res_IVARI'), ref('res_IVARIFM')])]"/>
            <field name='vat_discriminated' eval="True"/>
        </record>
        <record model='afip.document_letter' id='dl_e'>
            <field name='name'>E</field>
            <field name='issuer_ids' eval="[(6, 0, [ref('res_IVARI'), ref('res_RM')])]"/>
            <field name='receptor_ids' eval="[(6, 0, [ref('res_CLI_EXT'), ref('res_EXT'), ref('res_IVARI')])]"/>
            <field name='vat_discriminated' eval="False"/>
        </record>
        <record model='afip.document_letter' id='dl_x'>
            <field name='name'>X</field>
            <field name='issuer_ids' eval="[(6, 0, [ref('res_IVARI'), ref('res_IVANR'), ref('res_RM'), ref('res_IVARNI'), ref('res_IVAE')])]"/>
            <field name='receptor_ids' eval="[(6, 0, [ref('res_IVARI'), ref('res_IVANR'), ref('res_RM'), ref('res_IVARNI'), ref('res_IVAE')])]"/>
        </record>
    </data>
</openerp>