<?xml version="1.0" encoding="UTF-8"?>
<openerp>
    <data noupdate="True">
        <record model='res.country' forcecreate="False" id='base.al'>
            <field name='afip_code'>401</field>
        </record>
        <record model='res.country' forcecreate="False" id='base.ao'>
            <field name='afip_code'>149</field>
        </record>
        <record model='res.country' forcecreate="False" id='base.ar'>
            <field name='afip_code'>200</field>
        </record>
        <record model='res.country' forcecreate="False" id='base.am'>
            <field name='afip_code'>349</field>
        </record>
        <record model='res.country' forcecreate="False" id='base.aw'>
            <field name='afip_code'>242</field>
        </record>
        <record model='res.country' forcecreate="False" id='base.au'>
            <field name='afip_code'>501</field>
        </record>
        <record model='res.country' forcecreate="False" id='base.at'>
            <field name='afip_code'>405</field>
        </record>
        <record model='res.country' forcecreate="False" id='base.az'>
            <field name='afip_code'>350</field>
        </record>
        <record model='res.country' forcecreate="False" id='base.bs'>
            <field name='afip_code'>239</field>
        </record>
        <record model='res.country' forcecreate="False" id='base.bd'>
            <field name='afip_code'>345</field>
        </record>
        <record model='res.country' forcecreate="False" id='base.bb'>
            <field name='afip_code'>201</field>
        </record>
        <record model='res.country' forcecreate="False" id='base.bo'>
            <field name='afip_code'>202</field>
        </record>
        <record model='res.country' forcecreate="False" id='base.bg'>
            <field name='afip_code'>407</field>
        </record>
        <record model='res.country' forcecreate="False" id='base.ca'>
            <field name='afip_code'>204</field>
        </record>
        <record model='res.country' forcecreate="False" id='base.cl'>
            <field name='afip_code'>208</field>
        </record>
        <record model='res.country' forcecreate="False" id='base.cl'>
            <field name='afip_code'>208</field>
        </record>
        <record model='res.country' forcecreate="False" id='base.cn'>
            <field name='afip_code'>310</field>
        </record>
        <record model='res.country' forcecreate="False" id='base.co'>
            <field name='afip_code'>205</field>
        </record>
        <record model='res.country' forcecreate="False" id='base.cr'>
            <field name='afip_code'>206</field>
        </record>
        <record model='res.country' forcecreate="False" id='base.cr'>
            <field name='afip_code'>206</field>
        </record>
        <record model='res.country' forcecreate="False" id='base.cu'>
            <field name='afip_code'>207</field>
        </record>
        <record model='res.country' forcecreate="False" id='base.dm'>
            <field name='afip_code'>233</field>
        </record>
        <record model='res.country' forcecreate="False" id='base.ec'>
            <field name='afip_code'>210</field>
        </record>
        <record model='res.country' forcecreate="False" id='base.sv'>
            <field name='afip_code'>211</field>
        </record>
        <record model='res.country' forcecreate="False" id='base.ee'>
            <field name='afip_code'>440</field>
        </record>
        <record model='res.country' forcecreate="False" id='base.ge'>
            <field name='afip_code'>351</field>
        </record>
        <record model='res.country' forcecreate="False" id='base.hk'>
            <field name='afip_code'>341</field>
        </record>
        <record model='res.country' forcecreate="False" id='base.in'>
            <field name='afip_code'>315</field>
        </record>
        <record model='res.country' forcecreate="False" id='base.id'>
            <field name='afip_code'>316</field>
        </record>
        <record model='res.country' forcecreate="False" id='base.ir'>
            <field name='afip_code'>318</field>
        </record>
        <record model='res.country' forcecreate="False" id='base.il'>
            <field name='afip_code'>319</field>
        </record>
        <record model='res.country' forcecreate="False" id='base.kw'>
            <field name='afip_code'>323</field>
        </record>
        <record model='res.country' forcecreate="False" id='base.la'>
            <field name='afip_code'>324</field>
        </record>
        <record model='res.country' forcecreate="False" id='base.li'>
            <field name='afip_code'>418</field>
        </record>
        <record model='res.country' forcecreate="False" id='base.mt'>
            <field name='afip_code'>420</field>
        </record>
        <record model='res.country' forcecreate="False" id='base.md'>
            <field name='afip_code'>443</field>
        </record>
        <record model='res.country' forcecreate="False" id='base.mc'>
            <field name='afip_code'>421</field>
        </record>
        <record model='res.country' forcecreate="False" id='base.mn'>
            <field name='afip_code'>329</field>
        </record>
        <record model='res.country' forcecreate="False" id='base.me'>
            <field name='afip_code'>453</field>
        </record>
        <record model='res.country' forcecreate="False" id='base.nr'>
            <field name='afip_code'>503</field>
        </record>
        <record model='res.country' forcecreate="False" id='base.np'>
            <field name='afip_code'>330</field>
        </record>
        <record model='res.country' forcecreate="False" id='base.pw'>
            <field name='afip_code'>516</field>
        </record>
        <record model='res.country' forcecreate="False" id='base.pt'>
            <field name='afip_code'>425</field>
        </record>
        <record model='res.country' forcecreate="False" id='base.sm'>
            <field name='afip_code'>428</field>
        </record>
        <record model='res.country' forcecreate="False" id='base.rs'>
            <field name='afip_code'>454</field>
        </record>
        <record model='res.country' forcecreate="False" id='base.rs'>
            <field name='afip_code'>454</field>
        </record>
        <record model='res.country' forcecreate="False" id='base.tk'>
            <field name='afip_code'>699</field>
        </record>
        <record model='res.country' forcecreate="False" id='base.to'>
            <field name='afip_code'>519</field>
        </record>
        <record model='res.country' forcecreate="False" id='base.tv'>
            <field name='afip_code'>517</field>
        </record>
        <record model='res.country' forcecreate="False" id='base.uy'>
            <field name='afip_code'>225</field>
        </record>
    </data>
</openerp>
