<?xml version="1.0" encoding="utf-8"?>
<openerp>
    <data>

        <!-- Properties -->
        <record forcecreate="True" id="property_account_receivable" model="ir.property">
            <field name="name">property_account_receivable</field>
            <field name="fields_id" search="[('model','=','res.partner'),('name','=','property_account_receivable')]"/>
            <field eval="'account.account,'+str(ri_deudores_por_ventas)" name="value"/>
            <field name="company_id" ref="company_ri"/>
        </record>
        <record forcecreate="True" id="property_account_payable" model="ir.property">
            <field name="name">property_account_payable</field>
            <field name="fields_id" search="[('model','=','res.partner'),('name','=','property_account_payable')]"/>
            <field eval="'account.account,'+str(ri_pago_proveedores)" name="value"/>
            <field name="company_id" ref="company_ri"/>
        </record>
        <record forcecreate="True" id="property_account_position" model="ir.property">
            <field name="name">property_account_position</field>
            <field name="fields_id" search="[('model','=','res.partner'),('name','=','property_account_position')]"/>
            <field eval="False" name="value"/>
            <field name="company_id" ref="company_ri"/>
        </record>

        <!--
        Account Journal
        -->

        <record id="point_of_sale_1" model="afip.point_of_sale">
            <field name="number" eval="1"/>
            <field name="company_id" ref="company_ri"/>
        </record>

        <record id="sales_journal" model="account.journal">
            <field name="name">Ventas (0001 - Manual)</field>
            <field name="code">VEN01</field>
            <field name="type">sale</field>
            <!-- <field name="sequence_id" ref="sequence_sale_journal"/> -->
            <field name="default_credit_account_id" ref="ri_venta_de_mercaderia"/>
            <field name="default_debit_account_id" ref="ri_venta_de_mercaderia"/>
            <!-- <field name="analytic_journal_id" ref="cose_journal_sale"/> -->
            <field name="use_documents" eval="True"/>
            <field name="user_id" ref="base.user_root"/>
            <field name="company_id" ref="company_ri"/>
            <field name="point_of_sale_id" ref="point_of_sale_1"/>
        </record>
        <record id="refund_sales_journal" model="account.journal">
            <field name="name">Reembolso Ventas (0001 - Manual)</field>
            <field name="code">RVE01</field>
            <field name="type">sale_refund</field>
            <!-- <field name="sequence_id" ref="sequence_refund_sales_journal"/> -->
            <field name="default_credit_account_id" ref="ri_venta_de_mercaderia"/>
            <field name="default_debit_account_id" ref="ri_venta_de_mercaderia"/>
            <!-- <field name="analytic_journal_id" ref="cose_journal_sale"/> -->
            <field name="use_documents" eval="True"/>
            <field name="user_id" ref="base.user_root"/>
            <field name="company_id" ref="company_ri"/>
            <field name="point_of_sale_id" ref="point_of_sale_1"/>
        </record>

        <record id="expenses_journal" model="account.journal">
            <field name="name">Facturas Compras</field>
            <field name="code">FAC01</field>
            <field name="type">purchase</field>
            <!-- <field name="sequence_id" ref="sequence_purchase_journal"/> -->
            <field name="default_debit_account_id" ref="ri_mercaderia"/>
            <field name="default_credit_account_id" ref="ri_mercaderia"/>
            <!-- <field name="analytic_journal_id" ref="exp"/> -->
            <field name="use_documents" eval="True"/>
            <field name="user_id" ref="base.user_root"/>
            <field name="company_id" ref="company_ri"/>
        </record>
        <record id="refund_expenses_journal" model="account.journal">
            <field name="name">Notas de Crédito Compras</field>
            <field name="code">NCC01</field>
            <field name="type">purchase_refund</field>
            <!-- <field name="sequence_id" ref="sequence_refund_purchase_journal"/> -->
            <field name="default_debit_account_id" ref="ri_mercaderia"/>
            <field name="default_credit_account_id" ref="ri_mercaderia"/>
            <!-- <field name="analytic_journal_id" ref="exp"/> -->
            <field name="use_documents" eval="True"/>
            <field name="user_id" ref="base.user_root"/>
            <field name="company_id" ref="company_ri"/>
        </record>

        <record id="bank_journal" model="account.journal">
            <field name="name">Bank Journal - (test)</field>
            <field name="code">TBNK</field>
            <field name="type">bank</field>
            <!-- <field name="sequence_id" ref="sequence_bank_journal"/> -->
            <field name="default_debit_account_id" ref="ri_banco_1"/>
            <field name="default_credit_account_id" ref="ri_banco_1"/>
            <!-- <field name="analytic_journal_id" ref="sit"/> -->
            <field name="user_id" ref="base.user_root"/>
            <field name="company_id" ref="company_ri"/>
        </record>
<!--         <record id="check_journal" model="account.journal">
            <field name="name">Checks Journal - (test)</field>
            <field name="code">TCHK</field>
            <field name="type">bank</field>
            <field name="sequence_id" ref="sequence_check_journal"/>
            <field name="default_debit_account_id" ref="cash"/>
            <field name="default_credit_account_id" ref="cash"/>
            <field name="analytic_journal_id" ref="sit"/>
            <field name="user_id" ref="base.user_root"/>
        </record> -->
        <record id="cash_journal" model="account.journal">
            <field name="name">Cash Journal - (test)</field>
            <field name="code">TCSH</field>
            <field name="type">cash</field>
            <!-- <field name="sequence_id" ref="sequence_cash_journal"/> -->
            <field name="default_debit_account_id" ref="ri_caja_pesos"/>
            <field name="default_credit_account_id" ref="ri_caja_pesos"/>
            <!-- <field name="analytic_journal_id" ref="sit"/> -->
            <field name="user_id" ref="base.user_root"/>
            <field name="company_id" ref="company_ri"/>
        </record>
<!--         <record id="miscellaneous_journal" model="account.journal">
            <field name="name">Miscellaneous Journal - (test)</field>
            <field name="code">TMIS</field>
            <field name="type">general</field>
            <field name="sequence_id" ref="sequence_miscellaneous_journal"/>
            <field name="analytic_journal_id" ref="sit"/>
            <field name="user_id" ref="base.user_root"/>
        </record> -->
<!--         <record id="opening_journal" model="account.journal">
            <field name="name">Opening Entries Journal - (test)</field>
            <field name="code">TOEJ</field>
            <field name="type">situation</field>
            <field name="sequence_id" ref="sequence_opening_journal"/>
            <field name="default_debit_account_id" ref="o_income"/>
            <field name="default_credit_account_id" ref="o_expense"/>
            <field eval="True" name="centralisation"/>
            <field name="user_id" ref="base.user_root"/>
        </record> -->

<!--         <record id="bank_journal_usd" model="account.journal">
            <field name="name">USD Bank Journal - (test)</field>
            <field name="code">TUBK</field>
            <field name="type">bank</field>
            <field name="default_debit_account_id" ref="usd_bnk"/>
            <field name="default_credit_account_id" ref="usd_bnk"/>
            <field name="currency" ref="base.USD"/>
        </record> -->
        <!--
        Product income and expense accounts, default parameters
        -->

        <record id="property_account_expense_categ" model="ir.property">
            <field name="name">property_account_expense_categ</field>
            <field name="fields_id" search="[('model','=','product.category'),('name','=','property_account_expense_categ')]"/>
            <field eval="'account.account,'+str(ref('l10n_ar_invoice.ri_mercaderia'))" name="value"/>
            <field name="company_id" ref="company_ri"/>
        </record>
        <record id="property_account_income_categ" model="ir.property">
            <field name="name">property_account_income_categ</field>
            <field name="fields_id" search="[('model','=','product.category'),('name','=','property_account_income_categ')]"/>
            <field eval="'account.account,'+str(ref('l10n_ar_invoice.ri_venta_de_mercaderia'))" model="account.account" name="value"/>
            <field name="company_id" ref="company_ri"/>
        </record>

    </data>
</openerp>
