<?xml version="1.0" encoding="utf-8"?>
<openerp>
    <data>

    <!-- Payment-->

        <record id="view_voucher_check_form" model="ir.ui.view">
            <field name="name">account.voucher.check.form.inherit</field>
            <field name="model">account.voucher</field>
            <field name="type">form</field>
            <field name="inherit_id" ref="l10n_ar_account_payment.view_vendor_l10n_ar_payment_form"/>
            <field name="arch" type="xml">
                <page string="Payment Information" position="after">
                    <page string="Checks">
                        <field name="third_check_receipt_ids" invisible="1"/>
                        <field name="issued_check_ids" string="Issued Checks" nolabel="1" colspan="4" >
                            <tree string="Issued Checks">
                                <field name="number"/>
                                <field name="type"/>
                                <field name="issue_date"/>
                                <field name="payment_date"/>
                                <field name="bank_id"/>
                                <field name="amount" sum="Total Amount" />
                            </tree>
                            <form string="Issued Checks">
                                <group>
                                    <group>
                                        <field name="number"/>
                                        <field name="type"/>
                                        <field name="amount"/>
                                        <field name="bank_id"/>
                                        <field name="company_id" invisible="0"/>
                                    </group>
                                    <group>
                                        <field name="issue_date"/>
                                        <field name="payment_date" attrs="{'invisible': [('type', '=', 'common')]}"/>
                                        <field name="account_bank_id" domain="[('company_id', '=', company_id)]" required="1"/>
                                        <field name="clearing"/>
                                        <field name="signatory"/>
                                        <field name="origin"/>
                                        <field name="state" invisible="1"/>
                                    </group>
                                </group>
                                <field name="receiving_partner_id" invisible="1"/>
                            </form>
                        </field>
                        <label for="third_check_ids"/>
                        <field name="third_check_ids" string="Third Checks" nolabel="1" colspan="4" domain="[('state', '=', 'wallet')]">
                           <tree string="Third Checks">
                                <field name="number"/>
                                <field name="source_partner_id"/>
                                <field name="issue_date"/>
                                <field name="payment_date"/>
                                <field name="bank_id"/>
                                <field name="origin"/>
                                <field name="amount" sum="Total"/>
                                <field name="state" invisible="1"/>
                            </tree>
                         </field>
                    </page>
                </page>
            </field>
        </record>

   <!-- Receipt -->
        <record id="view_vendor_receipt_check_form" model="ir.ui.view">
            <field name="name">account.voucher.form.receipt.inherit</field>
            <field name="model">account.voucher</field>
            <field name="type">form</field>
            <field name="inherit_id" ref="l10n_ar_account_payment.view_vendor_l10n_ar_receipt_form"/>
            <field name="arch" type="xml">
                <page string="Payment Information" position="after">
                    <page string="Checks">
                        <!-- Se pone para poder seguir usando el mismo onchange_payment_line, no afecta al funcionamiento -->
                        <field name="issued_check_ids" invisible="1"/>
                        <field name="third_check_ids" invisible="1"/>
                        <field name="third_check_receipt_ids" string="Third Checks" nolabel="1" colspan="4">
                            <tree string="Third Checks">
                                <field name="number"/>
                                <field name="receipt_date"/>
                                <field name="issue_date"/>
                                <field name="payment_date"/>
                                <field name="bank_id"/>
                                <field name="type"/>
                                <field name="amount" sum="Total"/>
                                <field name="state"/>
                            </tree>
                            <form string="Third Checks">
                                <field name="source_partner_id" invisible="1"/>
                                <group>
                                    <group>
                                        <field name="number"/>
                                        <field name="type"/>
                                        <field name="amount"/>
                                        <field name="bank_id"/>
                                    </group>
                                    <group>
                                        <field name="receipt_date"/>
                                        <field name="issue_date"/>
                                        <field name="payment_date" attrs="{'invisible': [('type', '=', 'common')],
                                                                           'required': [('type','=','postdated')]}"/>
                                        <field name="clearing"/>
                                        <field name="signatory"/>
                                        <field name="signatory_vat"/>
                                        <field name="signatory_account"/>
                                    </group>
                                </group>
                                <field name="state" invisible="1"/>
                            </form>
                        </field> 
                        <!--
                        <button name="add_precreated_check"
                            string="Add Pre-created" type="object"/>
                            -->
                   </page>
                </page>
            </field>
        </record>
        
    </data>
</openerp>
