<?xml version="1.0" encoding="UTF-8"?>
<openerp>
	<data noupdate="1">
<!-- 		<record id="group_use_receipts" model="res.groups">
	        <field name="name">User Sale/Purchase Receipts</field>
	        <field name="category_id" ref="base.module_category_hidden"/>
	    </record> -->
	    	    
<!-- 	    <record id="group_service_config" model="res.groups">
	        <field name="name">Service Tax Number on Partners</field>
	        <field name="category_id" ref="base.module_category_accounting_and_finance"/>
	        <field name="users" eval="[(4, ref('base.user_root'))]"/>
	        <field name="implied_ids" eval="[(4, ref('base.group_user'))]"/>
	    </record>
	    
	    <record id="group_packing_config" model="res.groups">
	        <field name="name">Packaging and Forwarding on Purchase</field>
	        <field name="category_id" ref="base.module_category_hidden"/>
	        <field name="users" eval="[(4, ref('base.user_root'))]"/>
	        <field name="implied_ids" eval="[(4, ref('base.group_user'))]"/>
	    </record> -->
	   
	</data>
</openerp>
