<?xml version="1.0" encoding="utf-8"?>
<openerp>
	<data>

		<!-- Base Config Settings Form View -->
		<record id="view_argentinian_base_configuration" model="ir.ui.view">
			<field name="name">argentinian.base.settings</field>
			<field name="model">argentinian.base.config.settings</field>
			<field name="arch" type="xml">
				<form string="Configure" class="oe_form_configuration" version="7.0">
					<header>
						<button string="Apply" type="object" name="execute" class="oe_highlight" />
						or
						<button string="Cancel" type="object" name="cancel" class="oe_link" />
					</header>

					<separator string="Argentinian Localization" />
					<div>
						<p>
							<label
								string="Allows you to configure options related to products, sales, purchase, warehouse and finance for your business according to argentinian localization. You may also find some tools that makes your life easier while workign with OpenERP." />
						</p>
					</div>
<!-- 					<separator string="Products" />
					<group>
						<label for="id" string="Product Features" />
						<div name="product_features">
						</div>
					</group>
 -->
<!-- 					<separator string="Warehouse" />
					<group>
						<label for="id" string="Warehouse Features" />
						<div name="warehouse_features">
						</div>
					</group>

					<group>
						<label for="id" string="Product Tracking" />
						<div name="product_features">
						</div>
					</group> -->				

					<separator string="Accounting" />
					<group>
						<label for="id" string="Accounting" />
						<div name="accounting">
							<div name='module_account_accountant'>
								<field name="module_account_accountant" class="oe_inline" />
								<label for="module_account_accountant" />
							</div>
							<div name='module_l10n_ar_chart_generic'>
								<field name="module_l10n_ar_chart_generic" class="oe_inline" />
								<label for="module_l10n_ar_chart_generic" />
							</div>
							<div name='module_l10n_ar_bank_cbu'>
								<field name="module_l10n_ar_bank_cbu" class="oe_inline" />
								<label for="module_l10n_ar_bank_cbu" />
							</div>
						</div>						
					</group>
					<group>
						<label for="id" string="Invoicing" />	
						<div name="invoicing">
							<div name='module_l10n_ar_account'>
								<field name="module_l10n_ar_account"
									class="oe_inline" />
								<label for="module_l10n_ar_account" />
							</div>	
							<div name='module_l10n_ar_afipws_fe'>
								<field name="module_l10n_ar_afipws_fe"
									class="oe_inline" />
								<label for="module_l10n_ar_afipws_fe" />
							</div>								
						</div>
					</group>
					<group>
						<label for="id" string="Payments" />
						<div name="payments">
							<div name='module_l10n_ar_hide_receipts'>
								<field name="module_l10n_ar_hide_receipts" class="oe_inline" />
								<label for="module_l10n_ar_hide_receipts" />
							</div>						
						</div>
					</group>
<!-- 					<group>
						<label for="id" string="Reports" />
						<div name="reports">
						</div>
					</group> -->
					<group>
						<label for="id" string="Aeroo Reports" />
						<div name="reports">
							<div name='module_l10n_ar_vat_reports'>
								<field name="module_l10n_ar_account_vat_ledger" class="oe_inline" />
								<label for="module_l10n_ar_account_vat_ledger" />
							</div>							
							<div name='module_l10n_ar_aeroo_invoice'>
								<field name="module_l10n_ar_aeroo_invoice"
									class="oe_inline" />
								<label for="module_l10n_ar_aeroo_invoice" />
							</div>
							<div name='module_l10n_ar_aeroo_einvoice'>
								<field name="module_l10n_ar_aeroo_einvoice"
									class="oe_inline" />
								<label for="module_l10n_ar_aeroo_einvoice" />
							</div>
							<div name='module_l10n_ar_aeroo_stock'>
								<field name="module_l10n_ar_aeroo_stock"
									class="oe_inline" />
								<label for="module_l10n_ar_aeroo_stock" />
							</div>		
							<div name='module_l10n_ar_aeroo_purchase'>
								<field name="module_l10n_ar_aeroo_purchase"
									class="oe_inline" />
								<label for="module_l10n_ar_aeroo_purchase" />
							</div>		
							<div name='module_l10n_ar_aeroo_sale'>
								<field name="module_l10n_ar_aeroo_sale"
									class="oe_inline" />
								<label for="module_l10n_ar_aeroo_sale" />
							</div>		
							<div name='module_l10n_ar_aeroo_receipt'>
								<field name="module_l10n_ar_aeroo_receipt"
									class="oe_inline" />
								<label for="module_l10n_ar_aeroo_receipt" />
							</div>	
						</div>
					</group>
					<separator string="Sales" />
					<group>
						<label for="id" string="Sales" />
						<div name="sales">
							<div name='module_l10n_ar_sale'>
								<field name="module_l10n_ar_sale" class="oe_inline" />
								<label for="module_l10n_ar_sale" />
							</div>
						</div>						
					</group>

<!-- 					<separator string="Sales" />
					<group>
						<label for="id" string="Sales Features" />
						<div name="sale_features">
						</div>
					</group> -->

					<separator string="Partners" />
					<group>
						<label for="id" string="Data" />
						<div name="partners_data">
							<div name='module_l10n_ar_partner_title'>
								<field name="module_l10n_ar_partner_title" class="oe_inline" />
								<label for="module_l10n_ar_partner_title" />
							</div>
							<div name='module_l10n_ar_states'>
								<field name="module_l10n_ar_states" class="oe_inline" />
								<label for="module_l10n_ar_states" />
							</div>

							<div name='module_l10n_ar_bank'>
								<field name="module_l10n_ar_bank" class="oe_inline" />
								<label for="module_l10n_ar_bank" />
							</div>
						</div>
					</group>
					<group>
						<label for="id" string="Others"/>
						<div name="partners">
							<div name='module_l10n_ar_base_vat'>
								<field name="module_l10n_ar_base_vat" class="oe_inline" />
								<label for="module_l10n_ar_base_vat" />
							</div>
						</div>
					</group>


<!-- 					<separator string="Purchase" />
					<group>
						<label for="id" string="Purchase Features" />
						<div name="purchase_features">
						</div>
					</group>

					<separator string="Sales" />				
					<group>
						<label for="id" string="Sales Features" />
						<div name="sales_invoice_features">
						</div>
					</group>
					
					<separator string="Tools" />
					<group>
						<label for="id" string="Web Tools" />
						<div name="web_features">
						</div>
					</group> -->

				</form>
			</field>
		</record>

		<!-- Base Config Settings Action -->
		<record id="action_argentinian_base_configuration" model="ir.actions.act_window">
			<field name="name">Configure</field>
			<field name="type">ir.actions.act_window</field>
			<field name="res_model">argentinian.base.config.settings</field>
			<field name="view_mode">form</field>
			<field name="target">inline</field>
		</record>

		<!-- Base Config Settings Menu -->
		<menuitem id="menu_argentinian_base_configuration" action="action_argentinian_base_configuration"
			name="Argentinian Localization" parent="base.menu_config" sequence="100" />

	</data>
</openerp>
