<?xml version="1.0" encoding="utf-8"?>
<openerp>
    <data noupdate="1">
        <!-- account.account.type -->
        <!-- TODO hacer en ingles y cargar traducciones -->

        <!-- mos existentes -->
<!--         <record model="account.account.type" id="account.account_type_cash_equity">
          <field name="name">Vita de Patrimonio</field>
        </record> -->
        <record model="account.account.type" id="account.data_account_type_receivable">
          <field name="name">A cobrar (corriente)</field>
        </record>
        <record model="account.account.type" id="account.data_account_type_payable">
          <field name="name">A pagar (corriente)</field>
        </record>

        <!-- nuevas -->
        <record model="account.account.type" id="data_account_type_receivable_no_current">
          <field name="name">A cobrar (no corriente)</field>
          <field name="code">receivable</field>
          <field name="close_method">unreconciled</field>
          <field name="report_type">asset</field>
        </record>
        <record model="account.account.type" id="data_account_type_payable_no_current">
          <field name="name">A pagar (no corriente)</field>
          <field name="code">payable</field>
          <field name="close_method">unreconciled</field>
          <field name="report_type">liability</field>
        </record>

        <record model="account.account.type" id="data_account_type_transitory">
          <field name="name">Transitory</field>
          <field name="code">transitory</field>
          <field name="close_method">none</field>
          <field name="report_type">asset</field>
        </record>
    </data>
</openerp>

