<?xml version="1.0" encoding="UTF-8"?>
<openerp>
    <data noupdate="False">
        <record model='afip.document_type' id='dt_CPF'>
            <field name='code'>CPF</field>
            <field name='name'>CI Policía Federal</field>
            <field name='afip_code'>0</field>
        </record> 
        <record model='afip.document_type' id='dt_CBA'>
            <field name='code'>CBA</field>
            <field name='name'>CI Buenos Aires</field>
            <field name='afip_code'>1</field>
        </record> 
        <record model='afip.document_type' id='dt_CCat'>
            <field name='code'>CCat</field>
            <field name='name'>CI Catamarca</field>
            <field name='afip_code'>2</field>
        </record> 
        <record model='afip.document_type' id='dt_CCor'>
            <field name='code'>CCor</field>
            <field name='name'>CI Córdoba</field>
            <field name='afip_code'>3</field>
        </record> 
        <record model='afip.document_type' id='dt_CCorr'>
            <field name='code'>CCorr</field>
            <field name='name'>CI Corrientes</field>
            <field name='afip_code'>4</field>
        </record> 
        <record model='afip.document_type' id='dt_CIER'>
            <field name='code'>CIER</field>
            <field name='name'>CI Entre Ríos</field>
            <field name='afip_code'>5</field>
        </record> 
        <record model='afip.document_type' id='dt_CIJ'>
            <field name='code'>CIJ</field>
            <field name='name'>CI Jujuy</field>
            <field name='afip_code'>6</field>
        </record> 
        <record model='afip.document_type' id='dt_CIMen'>
            <field name='code'>CIMen</field>
            <field name='name'>CI Mendoza</field>
            <field name='afip_code'>7</field>
        </record> 
        <record model='afip.document_type' id='dt_CILR'>
            <field name='code'>CILR</field>
            <field name='name'>CI La Rioja</field>
            <field name='afip_code'>8</field>
        </record> 
        <record model='afip.document_type' id='dt_CIS'>
            <field name='code'>CIS</field>
            <field name='name'>CI Salta</field>
            <field name='afip_code'>9</field>
        </record> 
        <record model='afip.document_type' id='dt_CISJ'>
            <field name='code'>CISJ</field>
            <field name='name'>CI San Juan</field>
            <field name='afip_code'>10</field>
        </record> 
        <record model='afip.document_type' id='dt_CISL'>
            <field name='code'>CISL</field>
            <field name='name'>CI San Luis</field>
            <field name='afip_code'>11</field>
        </record> 
        <record model='afip.document_type' id='dt_CISF'>
            <field name='code'>CISF</field>
            <field name='name'>CI Santa Fe</field>
            <field name='afip_code'>12</field>
        </record> 
        <record model='afip.document_type' id='dt_CISdE'>
            <field name='code'>CISdE</field>
            <field name='name'>CI Santiago del Estero</field>
            <field name='afip_code'>13</field>
        </record> 
        <record model='afip.document_type' id='dt_CIT'>
            <field name='code'>CIT</field>
            <field name='name'>CI Tucumán</field>
            <field name='afip_code'>14</field>
        </record> 
        <record model='afip.document_type' id='dt_CICha'>
            <field name='code'>CICha</field>
            <field name='name'>CI Chaco</field>
            <field name='afip_code'>16</field>
        </record> 
        <record model='afip.document_type' id='dt_CIChu'>
            <field name='code'>CIChu</field>
            <field name='name'>CI Chubut</field>
            <field name='afip_code'>17</field>
        </record> 
        <record model='afip.document_type' id='dt_CIF'>
            <field name='code'>CIF</field>
            <field name='name'>CI Formosa</field>
            <field name='afip_code'>18</field>
        </record> 
        <record model='afip.document_type' id='dt_CIMis'>
            <field name='code'>CIMis</field>
            <field name='name'>CI Misiones</field>
            <field name='afip_code'>19</field>
        </record> 
        <record model='afip.document_type' id='dt_CIN'>
            <field name='code'>CIN</field>
            <field name='name'>CI Neuquén</field>
            <field name='afip_code'>20</field>
        </record> 
        <record model='afip.document_type' id='dt_CILP'>
            <field name='code'>CILP</field>
            <field name='name'>CI La Pampa</field>
            <field name='afip_code'>21</field>
        </record> 
        <record model='afip.document_type' id='dt_CIRN'>
            <field name='code'>CIRN</field>
            <field name='name'>CI Río Negro</field>
            <field name='afip_code'>22</field>
        </record> 
        <record model='afip.document_type' id='dt_CISC'>
            <field name='code'>CISC</field>
            <field name='name'>CI Santa Cruz</field>
            <field name='afip_code'>23</field>
        </record> 
        <record model='afip.document_type' id='dt_CITdF'>
            <field name='code'>CITdF</field>
            <field name='name'>CI Tierra del Fuego</field>
            <field name='afip_code'>24</field>
        </record> 
        <record model='afip.document_type' id='dt_CUIT'>
            <field name='code'>CUIT</field>
            <field name='name'>CUIT</field>
            <field name='afip_code'>80</field>
        </record> 
        <record model='afip.document_type' id='dt_CUIL'>
            <field name='code'>CUIL</field>
            <field name='name'>CUIL</field>
            <field name='afip_code'>86</field>
        </record> 
        <record model='afip.document_type' id='dt_CDI'>
            <field name='code'>CDI</field>
            <field name='name'>CDI</field>
            <field name='afip_code'>87</field>
        </record> 
        <record model='afip.document_type' id='dt_LE'>
            <field name='code'>LE</field>
            <field name='name'>LE</field>
            <field name='afip_code'>89</field>
        </record> 
        <record model='afip.document_type' id='dt_LC'>
            <field name='code'>LC</field>
            <field name='name'>LC</field>
            <field name='afip_code'>90</field>
        </record> 
        <record model='afip.document_type' id='dt_CIe'>
            <field name='code'>CIe</field>
            <field name='name'>CI extranjera</field>
            <field name='afip_code'>91</field>
        </record> 
        <record model='afip.document_type' id='dt_ET'>
            <field name='code'>ET</field>
            <field name='name'>en trámite</field>
            <field name='afip_code'>92</field>
        </record> 
        <record model='afip.document_type' id='dt_AN'>
            <field name='code'>AN</field>
            <field name='name'>Acta nacimiento</field>
            <field name='afip_code'>93</field>
        </record> 
        <record model='afip.document_type' id='dt_PAS'>
            <field name='code'>PAS</field>
            <field name='name'>Pasaporte</field>
            <field name='afip_code'>94</field>
        </record> 
        <record model='afip.document_type' id='dt_CIBAR'>
            <field name='code'>CIBAR</field>
            <field name='name'>CI Bs. As. RNP</field>
            <field name='afip_code'>95</field>
        </record> 
        <record model='afip.document_type' id='dt_DNI'>
            <field name='code'>DNI</field>
            <field name='name'>DNI</field>
            <field name='afip_code'>96</field>
        </record> 
        <record model='afip.document_type' id='dt_Sigd'>
            <field name='code'>Sigd</field>
            <field name='name'>Sin identificar/venta global diaria</field>
            <field name='afip_code'>99</field>
        </record> 
        <record model='afip.document_type' id='dt_CdM'>
            <field name='code'>CdM</field>
            <field name='name'>Certificado de Migración</field>
            <field name='afip_code'>30</field>
        </record> 
        <record model='afip.document_type' id='dt_UpApP'>
            <field name='code'>UpApP</field>
            <field name='name'>Usado por Anses para Padrón</field>
            <field name='afip_code'>88</field>
        </record> 
    </data>
</openerp>
        
