id,name,model_id:id,group_id:id,perm_read,perm_write,perm_create,perm_unlink
access_wsafip_connection_manager,wsafip.connection.manager,model_wsafip_connection,base.group_user,1,1,1,1
access_wsafip_connection_user,wsafip.connection.user,model_wsafip_connection,,1,0,0,0
access_wsafip_server_manager,wsafip.server.manager,model_wsafip_server,base.group_system,1,1,1,1
access_wsafip_server_user,wsafip.server.user,model_wsafip_server,,1,0,0,0
access_wsafip_certificate_alias_manager,wsafip.certificate.alias.manager,model_wsafip_certificate_alias,base.group_system,1,1,1,1
access_wsafip_certificate_alias_user,wsafip.certificate.alias.user,model_wsafip_certificate_alias,,1,0,0,0
access_wsafip_certificate_manager,wsafip.certificate.manager,model_wsafip_certificate,base.group_system,1,1,1,1
access_wsafip_certificate_user,wsafip.certificate.user,model_wsafip_certificate,,1,0,0,0
